@id,name,@lat,@lon
30143150,Pudupattinam / Kalpakkam,12.5036483,80.1509835
246866326,Thiruvanmiyur Moffusil bus stop,12.9873013,80.2594187
249497892,Sathya Studio,13.0148091,80.2593497
256039818,Guindy,13.0080754,80.2093905
262666364,,13.0505637,80.2796983
276516531,Yerikarai Bus Stop,13.2856855,80.2322807
277375984,Sambandam Nagar,12.9912772,80.0951151
278744710,Velachery Vijayanagar Bus Terminus,12.9759510,80.2210664
278745849,மூவரசம்பட்டு கூட்ரோடு,12.9682899,80.1894800
278746364,Hindu Colony,12.9754924,80.1832630
278747097,Chidambaram Stores,12.9830658,80.1888463
279150540,பரங்கிமலை ரயில் நிலையம்,12.9946395,80.2001930
300316947,Guindy Station,13.0081325,80.2133106
301736148,Eldams Road,13.0389089,80.2500396
301736149,Alwarpet,13.0380814,80.2559271
301736152,ஆழ்வார் பேட்டை,13.0362220,80.2552101
301736165,ஆழ்வார் பேட்டை,13.0387535,80.2588492
301736187,Vanavil,13.0414948,80.2476472
301736898,SIET,13.0379526,80.2468797
301736902,Stella Maris,13.0479032,80.2538704
301736903,Chola Sheraton,13.0458825,80.2566441
301736912,Music Academy,13.0464693,80.2605344
301736913,ஆழ்வார் பேட்டை,13.0351077,80.2571309
303010139,TTK Road,13.0332207,80.2529435
303010141,,13.0355237,80.2474418
303284240,General Hospital,13.0817570,80.2767558
303284248,Ripon Building,13.0812612,80.2718576
303510894,Nandanam YMCA,13.0298352,80.2378848
303512414,சைதாப்பேட்டை பாலம்,13.0195637,80.2246585
303536869,,13.0292235,80.2541619
303536872,,13.0293892,80.2598201
303569588,,13.0290452,80.2492676
303695784,Commissioner Office,13.0737672,80.2618156
303695785,Egmore Court,13.0726877,80.2625412
303695815,,13.0783875,80.2636552
304908971,,13.0353440,80.2505226
304920824,Aalandur Metro,13.0036646,80.2007035
304920825,,13.0024998,80.2007856
304921944,Egmore Station,13.0779219,80.2623857
305478863,Sadasiva Nagar,12.9656695,80.2037268
306551393,சைதாப்பேட்டை பாலம்,13.0192595,80.2242262
306551395,Vanavil,13.0405526,80.2470139
306551396,SIET,13.0373003,80.2463991
308301022,DMS,13.0467908,80.2482982
308811912,Vanuvampet,12.9816928,80.1956168
308917111,Pazhavanthangal Station,12.9880075,80.1856076
309062093,Simson,13.0702882,80.2738035
309062094,P.Orr & Sons,13.0706454,80.2736995
309185794,Dams Road,13.0671092,80.2685713
309185812,LIC,13.0627904,80.2636986
309185820,TVS,13.0592286,80.2597052
309185827,TVS,13.0593116,80.2594610
309323593,,13.0627272,80.2446808
309323867,ஜெமினி,13.0550350,80.2493071
310100943,IIT/CLRI,13.0068649,80.2407247
310591980,மூவரசம்பேட்டை,12.9699902,80.1863409
310592291,Axis bank,12.9661338,80.1885663
310592748,Ponniamman Koil,12.9647635,80.1964403
310593525,Balaiah Garden,12.9654812,80.2003039
310593794,Kaiveli,12.9636419,80.2153047
310729808,Yellow Pages,13.0445134,80.2685481
312031432,Gandhinagar,13.0068437,80.2493803
312686129,Ajanta,13.0473146,80.2663311
313135889,,13.0565054,80.2549392
313159416,Guru Nanak College,12.9909681,80.2199873
313442701,Vetrivel Theatre,12.9796394,80.1829783
313783576,Vannanthurai,12.9963185,80.2624567
315888034,Royapettah High Road Police Station,13.0523172,80.2637555
316066248,Secretariat,13.0803743,80.2883666
316244808,,13.0520086,80.2576831
316244809,Shanti Theatre,13.0672558,80.2705663
316244810,Thousand Lights,13.0565217,80.2564362
317827746,Jayanti,12.9885068,80.2558808
317827781,Jayanti,12.9883987,80.2559590
318066696,Marudeeswarar Temple,12.9853009,80.2596367
318069500,Thiruvanmiyur ECR Moffusil Bus stop,12.9858076,80.2597253
319473140,,13.0677732,80.2550430
325191477,Madhya Kailash,13.0061894,80.2475374
325191941,IIT/CLRI,13.0065151,80.2416004
330654132,,12.9865619,80.2385165
330780587,,12.9885153,80.2298190
330780590,Taramani Guest House,12.9867147,80.2332146
330780591,,12.9865599,80.2353872
334222809,,13.0439822,80.2683767
334222896,New Woodlands Hotel,13.0448129,80.2632997
334267136,Spencers,12.9960126,80.2678000
334713155,Banyan Tree,13.0110148,80.2592709
334713159,Malar Hospital,13.0078478,80.2587288
343721497,ஆழ்வார் பேட்டை,13.0386195,80.2588399
344411089,Sterling Road,13.0635006,80.2434529
353719171,,12.9951542,80.1873759
355515114,Chola Sheraton,13.0462093,80.2565580
355550113,Egmore Station,13.0775116,80.2618805
356274121,Ice House stop,13.0490450,80.2804835
356277093,LIC,13.0665178,80.2687218
357233537,Kannagi Statue,13.0563899,80.2817387
357233543,Kannagi Statue,13.0567968,80.2820086
360807238,,13.0594652,80.2476713
360807295,Taj Hotel,13.0594687,80.2480638
362227770,MRC Nagar,13.0207736,80.2699092
365279752,DMS,13.0470132,80.2487062
365957307,Nandambakkam,13.0166571,80.1892332
365983874,Saidapet Court,13.0139810,80.2265266
366855005,DPI,13.0672505,80.2538570
368390910,Muttukaadu,12.8238617,80.2401637
370969649,காட்டுப்பாக்கம்,13.0408567,80.1280794
370969652,,13.0407272,80.1279797
370969655,அய்யப்பன்தாங்கல்,13.0381632,80.1352380
370969661,,13.0368549,80.1422989
370969664,போரூர்,13.0354754,80.1542326
370969668,,13.0365785,80.1426413
370969671,Porur Flyover,13.0349841,80.1551858
370969686,,13.0322785,80.1637329
370969689,,13.0320596,80.1635994
370969697,Mugalivakkam,13.0294745,80.1683240
370969700,Moon lite,13.0249393,80.1768338
370969702,Moon lite,13.0246916,80.1768125
371720100,Thalankuppam,13.2249322,80.3279081
373156194,,12.9057495,80.1678369
373156197,Jayanagar Bus Stop,12.8901528,80.1844457
373156202,,12.9075148,80.1986767
373169717,,13.1587549,80.2984032
373169886,,13.1592829,80.3021668
378688565,Woodlands,13.0513415,80.2516342
378688568,Woodlands,13.0514752,80.2518854
384486247,Purasawalkam,13.0799588,80.2547872
384723341,Poonamallee,13.0508703,80.0947946
386002530,,13.0303695,80.2382740
386002531,,13.0295543,80.2437738
389516314,SIET,13.0368739,80.2466823
389964617,KK Nagar West MTC Terminus,13.0441881,80.1936767
391823865,Kathipara,13.0073565,80.2018029
391823888,Butt Road,13.0073386,80.1969623
393765035,,13.0852627,80.2854922
393765044,Law College,13.0875965,80.2852522
393765046,உயர் நீதிமன்றம்,13.0885188,80.2881787
395407330,Free Bus - Stop 1,13.6787079,79.3507981
395407367,Free Bus - Stop 6,13.6725105,79.3490389
395733171,Free Bus - Stop 4,13.6731894,79.3511606
395733173,Free Bus - Stop 3,13.6739753,79.3510586
395733177,Free Bus - Stop 2,13.6764561,79.3507279
395733312,Free Bus - Stop 19,13.6865852,79.3497789
395733315,Free Bus - Stop 18,13.6869325,79.3485832
395733318,Free Bus - Stop 17,13.6856343,79.3457476
395733322,Free Bus - Stop 16,13.6851161,79.3440110
395733325,Free Bus - Stop 15,13.6840969,79.3438117
395733328,Free Bus - Stop 14,13.6829069,79.3434928
395733332,Free Bus - Stop 13,13.6808913,79.3403555
395733335,Free Bus - Stop 12,13.6791205,79.3417220
395733339,Free Bus - Stop 11,13.6788984,79.3429178
395733343,Free Bus - Stop 10,13.6784827,79.3444551
395733346,Free Bus - Stop 9,13.6795020,79.3461804
395733349,Free Bus - Stop 8,13.6800315,79.3489647
395733351,Free Bus - Stop 7,13.6767803,79.3481277
395733354,Free Bus - Stop 20,13.6853382,79.3508209
395733356,Papavinasanam  Free Bus - Stop 21,13.6845069,79.3514757
395733360,Free Bus - Stop 22,13.6819503,79.3502743
395733365,Free Bus - Stop 23,13.6808286,79.3506615
395733368,Free Bus - Stop 24,13.6789838,79.3507241
395733388,Free Bus - Stop 5,13.6719014,79.3511975
400900464,,13.0470241,80.2119327
400900776,,13.0489528,80.2071220
401769773,NGO Colony,12.9947061,80.2065370
401880679,Chinmaya Nagar,13.0627931,80.1971800
401880700,,13.0631192,80.1972144
401880712,Koyambedu Market,13.0692689,80.2006237
401880999,CMBT,13.0681190,80.2049305
402290952,,13.0694912,80.1243046
402292542,Puzhithivakkam,12.9738315,80.2033552
402292545,,13.0574894,80.2041542
405508932,Stella Maris,13.0480237,80.2540873
407981751,Luz Corner,13.0368855,80.2670356
407983130,,13.0374290,80.2646410
410293823,,13.0470929,80.2329094
410293824,,13.0477362,80.2330399
410613113,Mandaveli,13.0264512,80.2641778
410613378,,13.0251384,80.2651734
410614381,Mylapore Tank,13.0338433,80.2678513
410614397,Mylapore Tank,13.0339269,80.2680487
410615353,Luz Corner,13.0369967,80.2665843
411316688,Virugambakkam,13.0490005,80.1923804
412728360,Vivekananda College,13.0397952,80.2635513
413858335,,13.0352016,80.2704429
414712723,Royapettah Hospital,13.0546862,80.2641983
414712727,Royapettah Hospital,13.0546528,80.2644300
414713529,,13.0643489,80.2821764
414713705,,13.0656532,80.2837300
414713706,,13.0645078,80.2820391
414714010,,13.0645245,80.2837471
415884492,SRM University,12.8270288,80.0416894
415913900,,13.0700162,80.2420245
415913904,Chetpet,13.0704837,80.2421189
416412294,Luz Corner,13.0375277,80.2677619
416412351,,13.0378454,80.2675965
417750649,,13.0007984,80.2672903
417750654,Besant Nagar,12.9960874,80.2676685
418116038,Mandaveli Post Office,13.0293213,80.2661449
418116039,Devanathan Street,13.0288278,80.2638491
418116040,Mandaveli,13.0271960,80.2662430
418116041,,13.0248633,80.2651335
418116043,Narada Gana Sabha,13.0414805,80.2586885
418116044,Narada Gana Sabha,13.0417098,80.2590680
418116045,ஆழ்வார் பேட்டை,13.0374839,80.2561629
442131985,Tambaram Railway Station,12.9254158,80.1169355
442506948,Ram Nagar,12.9652457,80.2069875
454190280,Pennalur EB,12.9845117,79.9750416
454190489,Pennalur EB,12.9846204,79.9747841
459632401,,13.0545015,80.2039738
459633603,,13.0544382,80.2042343
459633606,,13.0546223,80.2013161
469106564,Nelvoy village,12.6190538,79.8284381
469114813,Bukkaturai,12.6306053,79.9301350
469115303,Mamandur,12.6539715,79.9412929
560212201,Nehru nagar,12.9426369,80.1403121
571352244,Aalaiamman Koil,13.0394488,80.2455135
577376043,Madya Kailash,13.0065537,80.2463099
595702075,Natesa Nagar,13.0573428,80.1940580
595702076,Natesa Nagar,13.0576459,80.1945516
595704144,Sai Nagar,13.0598825,80.1953348
595706156,Vadapalani Koil bus stop,13.0498765,80.2148572
595714972,Elango Nagar,13.0525853,80.1921188
595735860,Avichi bus stop,13.0473925,80.1978450
597593840,Kesavardhini bus stop,13.0419272,80.1781903
604693344,,13.0515688,80.2773605
614009832,Kamarajapuram,12.9233012,80.1550118
618609725,Sayani,13.0977818,80.2399260
675752169,,13.1089416,80.2423446
691189595,Larsen & Toubro,13.0242582,80.1786556
694064191,Medavakkam Junction,12.9205917,80.1844730
724100869,Chitoor Bus Stand,12.9660538,79.1372387
729821770,Thirumalai Pillai Road,13.0463818,80.2394822
792271330,,12.8198550,80.0369231
792469356,,12.8145607,80.0326500
792489925,,12.7995035,80.0234545
792489928,,12.8000492,80.0232115
792493820,,12.7896377,80.0169545
792496444,,12.7904888,80.0169610
792499779,,12.7769744,80.0105734
792499784,,12.7767962,80.0100640
792525868,,12.7433520,79.9927476
792525889,,12.7437826,79.9926102
792531610,,12.7382468,79.9886942
812316994,Otteri,12.8801203,80.0803767
815616656,,12.7942427,80.0198400
842831419,Vandalur zoo,12.8801424,80.0803071
934859082,Alwarthirunagar,13.0442357,80.1851648
941583422,Ampa Skywalk,13.0743151,80.2205217
959609084,,13.0531886,80.2479182
964604284,டோல் கேட்,12.9022643,80.2161796
964604586,Sunnambu Kolathur Puliyamara Stop,12.9485883,80.1989320
966544114,Ripon Building,13.0812054,80.2730145
966556116,Chintadripet,13.0750408,80.2714362
978213017,Mathur Gate,13.1668300,80.2459642
978588586,Narayanapuram,12.9404138,80.2056611
996517630,Virugambakkam,13.0463902,80.1902132
1001424410,DPI,13.0675060,80.2534748
1001424417,Ethiraj College,13.0644904,80.2589582
1001424418,Ethiraj College,13.0643704,80.2588711
1007625832,Vadapalani Junction,13.0488793,80.2119880
1007625852,Guindy,13.0077290,80.2098628
1015556637,Rampuram MIOT Hospital,13.0210492,80.1839234
1015562222,MIOT Hospital,13.0208127,80.1838081
1015569839,SRM College Bus Stop,13.0317215,80.1799082
1015570222,Arasamaram Bus Stop,13.0314288,80.1839637
1015570839,Rayala Nagar Bus Stop,13.0289829,80.1836954
1015572322,St. Johns School Bus stop,13.0312474,80.1817554
1015575361,Ayyapan Koil,13.0393621,80.1969563
1015575816,Amman Koil,13.0414839,80.1967337
1015576952,PSBB,13.0388666,80.1992208
1015577154,PSBB School,13.0411390,80.1992630
1015578911,Pondicherry Guest house,13.0417139,80.1932226
1015580858,Nesapakkam,13.0381601,80.1926862
1015581126,Ajantha,13.0373344,80.1964198
1015583032,MGR Nagar,13.0364268,80.2017334
1015583945,Pilliayar Koil,13.0407523,80.2050136
1015584175,Sivan Park,13.0411599,80.2053891
1024558013,Ashok Pillar (Towards K.K Nagar & Porur),13.0316543,80.2122049
1024560151,Ashok Pillar,13.0325550,80.2119909
1024562407,Ashok Pillar,13.0350618,80.2119045
1024570438,ESIC,13.0351977,80.2082567
1024673452,Madanandhapuram,13.0229376,80.1467353
1024674757,Moulivakkam (Bai kadai),13.0198426,80.1433427
1067520553,R.A. Puram,13.0272893,80.2542630
1069492323,Chataram Bus Stop,13.0867314,80.2757841
1109183357,,13.1210128,80.1998698
1138028750,,12.6276114,80.1941444
1183430572,Women's polytechnic,12.9966477,80.2490952
1183430650,Women's polytechnic,12.9981822,80.2489226
1183430763,Tidel park,12.9893849,80.2508691
1183430887,Tidel Park,12.9911334,80.2506682
1183431007,VHS Hospital,13.0034788,80.2474452
1185692895,Ramarathna,13.1170247,80.0968980
1185703062,Avadi Market,13.1160521,80.1062634
1200694624,Navalur,12.8445841,80.2264618
1311558790,Woodlands Theatre,13.0571946,80.2647294
1311558791,Woodlands Theatre / Wesley school,13.0571110,80.2649869
1311558792,L.I.C,13.0642263,80.2657999
1311558793,Music Academy,13.0475472,80.2610060
1311558794,Gowdia Mutt Road,13.0508912,80.2625181
1311558795,Royapettah High Road Police Station,13.0521591,80.2639569
1330414243,Oil Mill,12.9284375,80.2022010
1334303173,Narayanasamy Thottam,13.0202075,80.2626599
1453592060,Arsasi Mandi,12.9639187,80.2564812
1453592062,Kandanchavadi,12.9665741,80.2478057
1457114931,Kandanchavadi,12.9669208,80.2482764
1457114934,Kottivakkam,12.9690850,80.2577701
1457114942,Kottivakkam,12.9694054,80.2576146
1457114953,SRP Tools,12.9791430,80.2525895
1457114954,SRP Tools,12.9794944,80.2528353
1467456714,Thabal Petti,13.1415836,80.2371784
1666841444,Oil Mill,12.9290533,80.2025500
1676204804,National Institute of Fashion Technology (N.I.F.T),12.9847375,80.2523565
1676204841,Spastic Society,12.9861494,80.2503872
1676204843,Tech Park,12.9861778,80.2445710
1676204850,Spastic Society,12.9863453,80.2502837
1676204856,Tech Park,12.9863612,80.2444706
1676252666,,13.0466924,80.2330053
1685049528,C.I.T. Colony,13.0440218,80.2597715
1685049537,C.I.T. Colony,13.0443128,80.2596312
1693491914,Santhoshpuram,12.9200019,80.1709460
1693497698,Santhoshpuram,12.9197291,80.1711286
1703352021,Trisulam Airport,12.9755085,80.1577918
1703352022,Trisulam Airport,12.9802128,80.1632657
1711224934,கோவிலாம்பாக்கம்,12.9392427,80.1825888
1764308008,Velachery Railway Station,12.9712721,80.2189421
1863536092,,13.0505119,80.2143390
1866155561,,13.8090672,79.9508882
1866155906,,13.8090896,79.9510137
1883603286,Sunnambu Kolathur,12.9463536,80.1973913
1899719037,S.Kolathur Vinayagapuram Stop,12.9484438,80.1944768
1899719039,,12.9486686,80.1944821
1899719797,Sunnambu Kolathur Puliyamara Stop,12.9485908,80.1990259
1899719800,Sunnambu Kolathur Puliyamara Stop,12.9485052,80.1989831
1899720980,Narayana puram,12.9485432,80.2034407
1899720981,Narayana puram,12.9487941,80.2033549
1920364154,Roja Medicals,12.9806753,80.1880722
1949567462,Kaiveli,12.9639064,80.2159702
1949567464,Kaiveli,12.9633783,80.2160859
1951096336,,12.5831759,79.9194204
1952553763,Postal Colony,13.0363098,80.2206213
1952555473,Postal Colony,13.0370153,80.2208949
1955951295,Ram Colony,13.0343805,80.2161535
1955951298,Pudhur High School Bus Stop,13.0418514,80.2161173
1955951301,Pudhur High School Bus Stop,13.0416992,80.2160469
1955951303,Ram Colony,13.0343297,80.2162105
2039504294,Eachankadu junction,12.9491156,80.1839603
2039504299,Eachangadu Junction,12.9494528,80.1838235
2072482089,Lakshmi Nagar,13.0383858,80.1651227
2077234674,Pallikaranai,12.9338132,80.2040466
2082925056,மேட்டுக்குப்பம்,12.9371240,80.2341180
2082925057,D. B Jain College,12.9448917,80.2386779
2082925106,D. B Jain College,12.9459910,80.2396626
2083090321,Mettukuppam,12.9394621,80.2357344
2083090427,Mettukuppam,12.9400132,80.2356326
2099314355,Thoraipakkam Tea Shop bus stop,12.9526215,80.2418685
2099361681,PTC quarters,12.9358886,80.2339915
2124865776,Chettinadu health city,12.7960456,80.2228534
2142333096,,13.0148049,80.1744872
2145422466,Pazhavanthangal,12.9878498,80.1852853
2145429148,,12.9828496,80.1884958
2151931377,Nanganallur Market,12.9858342,80.1884954
2154131506,,12.6592632,80.2088092
2154131531,,12.6968840,79.9768407
2157071431,,13.9601349,79.9017607
2157071441,,13.9619934,79.9015112
2157590801,Five Furlong Road,12.9974380,80.2162638
2158620128,Velachery Check Post,12.9974054,80.2165418
2158620129,Velachery Check Post,12.9974127,80.2164502
2239237792,West Saidapet,13.0244589,80.2198196
2241055785,Guindy,13.0092567,80.2113470
2241072260,,13.0208206,80.2252558
2241832803,Chintadripet,13.0749522,80.2713710
2245351858,,12.9902418,80.2275498
2271085296,,13.0488035,80.2071743
2271478018,Chennai Central Railway Station,13.0820442,80.2754967
2271478024,Chennai Central Railway Station,13.0820658,80.2756227
2271478031,Chennai Central Railway Station,13.0820790,80.2757368
2271478038,Chennai Central Railway Station,13.0821338,80.2754831
2271478046,Chennai Central Railway Station,13.0821553,80.2756074
2271478054,Chennai Central Railway Station,13.0821719,80.2757147
2376337518,Mammallapuram Byepass,12.6280701,80.1943024
2376817233,KumaranKundram,12.9418993,80.1429158
2394698615,K4 Police Station,13.0923311,80.2189211
2481989471,L.I.C,13.0642741,80.2658589
2481989472,L.I.C,13.0643262,80.2659171
2481989473,L.I.C,13.0643752,80.2659784
2482014614,TVS,13.0592806,80.2597741
2482014616,TVS,13.0593336,80.2598375
2482014617,TVS,13.0593726,80.2595362
2482014618,TVS,13.0607702,80.2625400
2482014620,TVS,13.0594322,80.2596151
2482014623,TVS,13.0594885,80.2596874
2482072866,General Hospital,13.0817908,80.2770347
2482072867,General Hospital,13.0818202,80.2772826
2482072870,General Hospital,13.0818538,80.2775047
2482072873,General Hospital (Central),13.0818727,80.2777397
2482072875,LIC,13.0628652,80.2637854
2482072877,LIC,13.0629492,80.2638825
2482072878,L.I.C,13.0646820,80.2663928
2482072879,LIC,13.0647720,80.2661116
2482072880,Secretariat,13.0810225,80.2883335
2482072921,Pallavan Salai,13.0763656,80.2764590
2482072922,Pallavan Salai,13.0768078,80.2761790
2482072933,உயர் நீதிமன்றம்,13.0849072,80.2833818
2482075364,Commissioner Office,13.0741660,80.2620635
2482075367,,13.0689097,80.2673390
2482075369,Egmore Court,13.0716607,80.2646506
2482301305,,13.0503752,80.2403628
2482301372,,13.0570031,80.2349394
2485153591,Valluvar Statue,13.0417872,80.2683179
2485153597,,13.0419830,80.2681148
2485980398,,13.0652457,80.2737964
2486085722,கஸ்தூரிபாய் மருத்துவமனை,13.0581355,80.2781176
2486085724,,13.0602054,80.2776637
2486106727,,13.0300269,80.2505676
2486226649,Chennai Central Railway Station,13.0825901,80.2763077
2486226651,Loane Square,13.0914641,80.2857380
2486226652,,13.0919530,80.2751809
2486226653,Beach Station,13.0943483,80.2923716
2486226655,Mannadi,13.0961399,80.2863950
2486226656,Clive Battery,13.0990436,80.2937634
2486226657,,13.0996879,80.2866699
2486226658,,13.1010909,80.2749364
2486226659,,13.1034911,80.2867769
2489157878,,13.0721350,80.2739713
2495414567,பேசின் பிரிட்ஜ்,13.1023010,80.2706743
2515095267,,12.9648737,80.1969930
2583555195,Rajakadai,13.1511559,80.2997199
2587520213,Adyar Depot,12.9988972,80.2559382
2587520244,Sathya Studio,13.0162622,80.2595250
2587520245,Sathya Studio,13.0163426,80.2595820
2587520246,Sathya Studio,13.0164211,80.2596390
2587520247,Sathya Studio,13.0165092,80.2596980
2587530808,Adyar Depot,12.9984686,80.2561546
2587530809,BSNL Office,13.0002744,80.2564084
2739927426,CSI Church Bus Stop,13.1084248,80.1802710
2739929645,Korattur 41D Bus Stand,13.1082230,80.1834048
2739938120,Korattur Aerikarai Bus Stop,13.1103434,80.1803640
2845696141,darga bus stop,13.2115318,79.0941024
3016127769,Camp Road,12.9223538,80.1416469
3016129434,Camp Road,12.9226099,80.1436734
3016138304,சேலையூர்,12.9223457,80.1383932
3016138305,சேலையூர்,12.9224877,80.1386033
3016141192,Convent Bus Stop,12.9227845,80.1330579
3016141193,Selayur,12.9228855,80.1311754
3016141194,Christ King Covent,12.9226722,80.1312269
3016144952,East Tambaram,12.9232126,80.1205736
3016144953,East Tambaram,12.9234246,80.1206459
3016148044,Perungalathur railway station,12.9066371,80.0962763
3115112472,Forest Tana,13.4339177,79.4883114
3215416374,Adayar Signal,13.0076573,80.2585701
3215417205,Andhra Mahila Sabha,13.0160134,80.2594407
3215420255,Rani Meyammai School,13.0202685,80.2627298
3215426872,Mandaveli,13.0264662,80.2643155
3215469782,Luz Corner,13.0370202,80.2664553
3215471511,Kapaleeshwar Temple,13.0342194,80.2679152
3215471512,St Mary’s Road,13.0293180,80.2659968
3215471942,AVM Rajeshwari,13.0445256,80.2653165
3215474364,Valluvar Statue,13.0416655,80.2682136
3215478754,Woodlands,13.0447900,80.2628089
3215488159,Stella Maris College,13.0476081,80.2542024
3215494190,Chola Hotel,13.0461435,80.2567561
3215497011,Semozhi Poonga,13.0504157,80.2525025
3215497034,Gemini,13.0553071,80.2493825
3215500283,Chetpet,13.0695972,80.2421558
3215503639,Sterling Road,13.0622840,80.2449997
3215508149,Brick Kiln,13.0897099,80.2509902
3215509332,KMC,13.0787644,80.2444050
3215513362,Millers Road,13.0845368,80.2502683
3215513434,Mekala Theatre,13.0872409,80.2507551
3215523368,Saravana Theatre,13.0941477,80.2509589
3215523791,Otteri,13.0972089,80.2513821
3215524962,Mettupalayam,13.1049521,80.2531007
3215525045,Jamalia,13.1064019,80.2493548
3215525963,Mangalapuram,13.1071652,80.2458654
3215525982,Perambur Railway Station,13.1080594,80.2445619
3216954757,Perambur Railway Station Bus Stand,13.1081640,80.2444885
3216957362,Mangalapuram,13.1073116,80.2467397
3216958497,Jamalia,13.1062169,80.2505190
3216970886,Mettupalayam,13.1050560,80.2531768
3216970916,Binny Mills,13.1023363,80.2526445
3216985354,Otteri,13.0972157,80.2514514
3216985475,Chetpet,13.0694621,80.2433699
3216986182,Saravana Theatre,13.0936235,80.2509794
3216986939,R.K. Road,13.0906349,80.2511188
3216986940,Mekala Theatre,13.0872089,80.2506503
3216986967,Millers Road,13.0834502,80.2546030
3216990390,KMC,13.0787415,80.2521255
3216990971,College Road,13.0677838,80.2465225
3216991399,Haddows Road,13.0666677,80.2478922
3216991543,Income Tax Offrice,13.0573221,80.2487138
3216992157,Valluvar Statue,13.0413309,80.2683208
3216992158,VM Street,13.0442990,80.2691671
3216993078,Sterling,13.0606301,80.2474960
3216994236,Semozhi Poonga,13.0501996,80.2526129
3216995418,Gemini,13.0549585,80.2496516
3216995837,Stella Maris College,13.0480230,80.2538615
3216995856,Chola Hotel,13.0459666,80.2567170
3216997832,Kapaleeshwar Temple,13.0344064,80.2681224
3216998093,Woodlands,13.0447018,80.2648393
3216998713,Luz Corner,13.0376266,80.2677461
3216999998,Mandaveli Market,13.0299144,80.2667491
3217000237,Rani Meiyammai School,13.0222664,80.2634866
3217004886,Andhra Mahila Sabha,13.0162141,80.2597582
3217004899,Adyar Signal,13.0070713,80.2586412
3217004939,Adyar Depot,12.9987410,80.2561722
3217006341,Jayanthi Theatre,12.9889638,80.2560835
3247291320,Mandapam,12.6210238,80.1945283
3247299914,Thiruvanmiyur,12.9868818,80.2579993
3247299988,Mandapam,12.6211358,80.1944414
3247310920,Thiruvanmiyur RTO,12.9766865,80.2590590
3247310921,Marundeeswarar Temple,12.9850797,80.2594959
3247388390,Kottivakkam,12.9694759,80.2578950
3247394198,Kotivakkam,12.9695400,80.2575889
3247406935,Chinna Neelankarai,12.9540502,80.2552125
3247410861,Vettuvankeni,12.9504769,80.2550489
3247419936,Injambakkam,12.9273395,80.2514212
3247421162,Saibaba,12.9384549,80.2528146
3247421163,Vettuvankeni,12.9496587,80.2547230
3247422104,Injambakkam,12.9273447,80.2514507
3258044158,Water Tank,12.9140134,80.2503942
3258044670,VGP,12.9205379,80.2513359
3258047142,,12.8975923,80.2474836
3258047153,Nainar Depot,12.8774931,80.2438102
3258049393,Uthandi,12.8689025,80.2435911
3258057378,Ragas,12.8597978,80.2419120
3258057379,Kanathur,12.8505026,80.2411932
3258057380,Meera Nagar,12.8416956,80.2406239
3258058365,Muthukaadu,12.8312622,80.2404381
3258059445,MGM,12.8256677,80.2403201
3258069508,Yellow Board,12.8178381,80.2405354
3259348351,Boat House,12.8059508,80.2429515
3259348641,Chemmanchery,12.7770192,80.2489818
3259350074,Kovalam Bye pass,12.7849148,80.2451610
3259350075,Kovalam,12.7867576,80.2496014
3259350322,Thiruvidhanthai,12.7631944,80.2454708
3259351069,Therukupattu,12.7560423,80.2430139
3259351985,Puthukalpakkam,12.7305006,80.2330471
3259352014,Periya Nemmili,12.7261873,80.2313228
3259612618,Pattipulam Kaavamaram,12.6617150,80.2092180
3259616260,Peroor,12.7187693,80.2282429
3259616908,Sulerikadu,12.7050407,80.2236869
3259625476,Nemmili Saibaba,12.6981041,80.2210224
3259631204,Krishnan Colony,12.6891303,80.2172083
3259631242,Pattipulam Tea Kadai,12.6864076,80.2160919
3259632242,Nemmili Saibaba,12.6936729,80.2191489
3259640812,Salavankuppam,12.6513085,80.2061997
3259640873,Pattipulam Colony,12.6812160,80.2142982
3259654159,Ilanthoppu,12.6542022,80.2065975
3259658174,Mammallapuram Byepass,12.6279549,80.1946957
3261247746,Salavankuppam,12.6513882,80.2061241
3261248252,Ilanthoppu,12.6545889,80.2068258
3261249518,Nemmili Saibaba,12.6934073,80.2189545
3261249563,Pattipulam Kaavamaram,12.6617232,80.2092304
3261250561,Sulerikadu,12.7051244,80.2236537
3261251123,Peroor,12.7181335,80.2278862
3261251802,Thiruvidhanthai,12.7633168,80.2455193
3261251829,Kovalam,12.7867733,80.2491347
3261251830,Chemmanchery,12.7787783,80.2484977
3261251961,Therukupattu,12.7560815,80.2430058
3261253463,Boat House,12.8062686,80.2430098
3261257465,Meera Nagar,12.8416654,80.2405603
3261257466,,12.8276183,80.2403223
3261260258,Ragas,12.8598425,80.2418337
3261261651,Nainar Depot,12.8778797,80.2438159
3261262160,Uthandi,12.8679009,80.2433625
3261262339,VGP,12.9205826,80.2514870
3261264219,Water Tank,12.9148864,80.2503116
3262960162,Saibaba,12.9384795,80.2526055
3262970161,Chinna Neelankarai,12.9544995,80.2550838
3262996627,Gandhinagar,13.0066383,80.2547553
3262998692,Pallavakkam,12.9612601,80.2562079
3262998735,Madhya Kailash,13.0065479,80.2465371
3263003853,Gandhi Mandapam,13.0074031,80.2367069
3263010049,சைதாப்பேட்டை காவல் நிலையம்,13.0221248,80.2262769
3263015762,Halcyon Technologies,13.0294483,80.2309064
3263015885,சைதாப்பேட்டை,13.0232491,80.2274463
3263015892,Little Mount,13.0143216,80.2262688
3263017226,Anna University,13.0083174,80.2334438
3264712469,Guindy,13.0072847,80.2097658
3264719874,Kathipara,13.0073801,80.2014349
3264719879,Butt Road,13.0072285,80.1970414
3264721594,L&T Bus Stop,13.0237184,80.1785664
3264823358,Mugalivakkam,13.0290781,80.1689077
3264825519,Sakthi Nagar,13.0323105,80.1632027
3264825906,போரூர்,13.0345369,80.1566688
3264826261,Ramachandra Hospital,13.0365019,80.1430003
3264827350,காட்டுப்பாக்கம்,13.0410957,80.1270760
3264828694,அய்யப்பன்தாங்கல்,13.0379914,80.1351360
3264829569,Kumanan Savadi,13.0448932,80.1161771
3264830297,Karayan Savadi,13.0464643,80.1113082
3264830986,Kallarai,13.0491896,80.1054234
3264831529,G. H.,13.0502091,80.0994727
3264832443,Poonamallee,13.0515356,80.0950719
3264834128,Nazarpet,13.0473146,80.0808884
3264834152,Main Road,13.0404738,80.0578133
3264835785,Bhajan Koil,13.0377510,80.0575719
3264836166,Pillayar Koil,13.0433402,80.0636820
3264839775,Main Road,13.0409702,80.0577677
3264840298,Ambedkar Nagar,13.0427079,80.0615791
3264851616,Nazarpet,13.0474021,80.0805504
3264852764,Poonamallee,13.0509244,80.0950324
3264860906,G. H.,13.0502738,80.0994130
3264861262,Kallarai,13.0492822,80.1057014
3264861573,Karayan Savadi,13.0466895,80.1111041
3264865893,Kumanan Savadi,13.0450211,80.1159757
3264869197,சக்தி நகர்,13.0357914,80.1542170
3264869925,Ramachandra Hospital,13.0369540,80.1418335
3264871280,Sakthi Nagar,13.0318741,80.1643507
3264873477,Mugalivakkam,13.0295066,80.1686260
3264878136,Moon lite,13.0250276,80.1767049
3264878737,Ramapuram,13.0209667,80.1839683
3264882061,L&T,13.0238073,80.1789017
3264882332,Nandambakkam,13.0168260,80.1893475
3264883462,Butt Road,13.0086502,80.1975671
3264883515,சின்ன மலை Little Mount Metro,13.0155768,80.2250330
3298619178,Baby Nagar,12.9806290,80.2287544
3298619179,Baby Nagar Stop,12.9817095,80.2303946
3377597538,Avvaai Illam,13.0073755,80.2615847
3383986104,Maruvathur bus stop ( towards Chennai),12.4301634,79.8314392
3383988514,Maruvathur bus stop,12.4296184,79.8317129
3502547169,Silk Mill,12.9497891,79.1371911
3502549752,Silk Mill,12.9497479,79.1369696
3605047768,Independence Day Park,12.9816323,80.1856214
3616510666,Pudupattinam bus stand,12.5034395,80.1522879
3724408109,Thambiah Road,13.0412747,80.2247636
3724408110,,13.0422860,80.2246214
3725571283,Holy Angels Convent,13.0403357,80.2416011
3729730986,Krishna Nagar,12.9727402,80.1385326
3729730987,Krishna Nagar,12.9730257,80.1380540
3732413818,,13.0404185,80.2392262
3732415367,T. Nagar Pondy Bazaar Big Bazaar,13.0407738,80.2376491
3742401976,Muthamizh Nagar,12.9717802,80.1415393
3742401984,Muthamizh Nagar,12.9716047,80.1418002
3872358350,Subbaraya nagar,12.9575161,80.1253251
3936181436,,12.6190267,80.1802453
3937174679,Muthalai Pannai,12.7438781,80.2383927
3969967347,Pallavaram,12.9681668,80.1485336
3990598049,Virugambakkam,13.0465771,80.1915240
4129578889,SIPCOT,12.8320778,80.2292023
4153840390,Oxford School,13.0290249,80.2242622
4153840489,Srinivasa Theatre,13.0312050,80.2242183
4153840589,Srinivasa Theatre,13.0311449,80.2240709
4153840689,Oxford School,13.0290173,80.2240205
4158510090,Urapakkam School,12.8665865,80.0754114
4158845697,Tea Kadai,12.8629155,80.0740504
4201558889,Rangampet,13.6238842,79.2779619
4221545249,,13.0016750,80.1960093
4221545250,,13.0017320,80.1960854
4221545251,,13.0017833,80.1961615
4221572806,Maduvankarai,13.0036032,80.2119807
4221779489,Olympia Tech Park,13.0140912,80.2045927
4308329989,West Saidapet,13.0241758,80.2130010
4311241791,kumananchavadi,13.0451067,80.1156733
4358666333,Bharathi Nagar,12.9816360,80.2334748
4384940991,,12.9985806,80.2391518
4384940992,,12.9991260,80.2394049
4384979890,,12.9960586,80.2359191
4384980791,,12.9920732,80.2337735
4384985391,,12.9921946,80.2336686
4384995091,,12.9961354,80.2362203
4384995092,,13.0026838,80.2402119
4384996591,,12.9939545,80.2343355
4385019891,,13.0025534,80.2400679
4385019892,,13.0038121,80.2413768
4385029489,,12.9941561,80.2347372
4385062589,,12.9911913,80.2330109
4385062689,,12.9910868,80.2321166
4402620433,சோழிங்கநல்லூர்,12.9032844,80.2279555
4402620444,Accenture,12.9075689,80.2282280
4406456566,காரப்பாக்கம்,12.9132796,80.2293553
4407799377,Nagesh Theatre stop,13.0400117,80.2425430
4407799419,Globus,13.0399858,80.2429146
4411798690,மியாட் மருத்துவமனை,13.0204579,80.1845000
4411849791,,13.0143770,80.1935118
4411855089,,13.0210717,80.1833445
4417314190,Doraiswamy Road,13.0407196,80.2306959
4417686289,,12.9164641,79.0423269
4421925892,,13.0671220,80.2479405
4421948892,Loyola College,13.0645529,80.2349783
4421948893,,13.0679286,80.2486265
4421967489,Loyola College,13.0647390,80.2346949
4484564344,,12.6549420,79.5401437
4524178989,,13.1449937,79.9512179
4582390873,Athiyammapuram Bus Stop,13.2850358,80.2368411
4582390875,Jayaramapuram Bus Stop,13.2882899,80.2260570
4639687854,Bharathi Nagar Bus Stop,12.9216339,80.0925211
4640168129,Gandhi Nagar,12.9209595,80.0897056
4666745989,கவுல் பஜார்,12.9905140,80.1499095
4693430387,Velappadi,12.9053114,79.1357810
4693430388,Sankaranpalayam,12.9016131,79.1352936
4693432897,Female Prison/Jail,12.8835295,79.1226392
4693432901,Odai Pillaiyar Bus Stop,12.9586457,79.1371760
4693433969,National theatre,12.9288325,79.1338393
4693433970,CMC Hospital,12.9255495,79.1333775
4693433972,Raja theatre,12.9148917,79.1326567
4693433973,CMC Eye Hospital,12.9128067,79.1331136
4693433977,Bagayam,12.8800860,79.1347141
4693434177,Thinakaran,12.9076027,79.1339198
4693434182,Agaravaram,12.8898868,79.1357500
4693434183,Otteri,12.8847782,79.1357444
4693434185,Christian Medical College,12.8792168,79.1300117
4693434186,Thanthai Periyar Engineering College,12.8788583,79.1247793
4693434789,Kuppam,12.8925195,79.1356592
4693434844,Auxilium rountanna,12.9584735,79.1416183
4693434959,Circuit House,12.8968267,79.1296743
4693434960,Tollgate,12.8996564,79.1310977
4693434966,Kangeyanallur road,12.9468759,79.1369654
4693434968,DKM,12.9501164,79.1413895
4693434991,Lakshmi theatre,12.9029978,79.1316656
4693434992,Muslim high school,12.9071184,79.1318875
4711638316,,13.4381298,79.5521659
4727143391,,12.9320348,79.1378840
4732042730,,13.0726445,80.2019974
4739613829,Marriage Hall Bus Stop,13.0735659,80.2003418
4758897023,,13.2398896,80.2162664
4758897024,,13.2607185,80.2145860
4758897025,,13.2238468,80.1943418
4758901321,,13.1941264,80.1833469
4763208284,கஸ்தூரிபாய் மருத்துவமனை,13.0580016,80.2782021
4763208285,Bazullah road,13.0470676,80.2353100
4763212040,,13.0486670,80.2600237
4763212995,,13.0326478,80.2775015
4763213172,,13.0334350,80.2772514
4785434123,,13.0315010,80.1913595
4788407922,,13.1088932,80.2867926
4789389223,,13.1045270,80.2867247
4820821521,பெல்,12.9704820,79.2869980
4864012223,,13.1078822,80.2913847
4910251723,Gandhi park bus stop,12.9266796,80.1276135
4948353021,,13.0289852,80.2543724
4987577873,uttiramerur bus stop,12.6167597,79.7637965
5090924222,Kamarajapuram,12.9234950,80.1545664
5093966251,Sholinganallur,12.8988445,80.2279854
5207918374,MGR Market,13.0363277,80.2016549
5225868729,Thandurai Bus Stop,13.1095840,80.0610379
5225963092,SRP Tools Bus Stand,12.9861355,80.2512974
5227401703,Thirumangalam Metro,13.0853785,80.2013107
5227454884,Ekkattuthangal,13.0190177,80.2064033
5227495717,Narasingapuram Bus Stop,13.0287252,79.8010662
5227500811,Maarimangalam,13.0179635,79.7846999
5227501452,Prayanguppam,13.0143238,79.7759854
5227502189,Kuppam,13.0138676,79.7735965
5228340704,Kalaimagal Nagar,13.0243667,80.2066739
5228342635,Kalaimagal Nagar,13.0243263,80.2069943
5229541223,Rayiladi Bus stop,13.1172923,79.9118270
5229541913,Manavalanagar Bus stop,13.1125301,79.9132254
5229995717,pattabiram bus stop,13.1215291,80.0639365
5229998568,Patabiram Bridge Stop,13.1158343,80.0633252
5239594891,Thirumangalam EB Office Bus Stop,13.0870648,80.1981881
5258976322,,12.8856231,80.1513995
5258977225,கஸ்பாபுரம்,12.8897333,80.1430852
5259036521,பதுவஞ்சேரி,12.8885674,80.1452887
5259058521,சடையப்பர் கோவில்,12.8870239,80.1486323
5259088435,அகரம்தென்,12.8836322,80.1543394
5259114725,,12.8941183,80.1411752
5259129622,,12.9022476,80.1420235
5259141322,,12.9177987,80.1457925
5300479523,,12.8285961,79.8775986
5300479625,,12.7983431,79.7848974
5304209965,SIPCOT/ Egatoor,12.8330267,80.2288840
5304399879,Tambaram Kulam Bus stop,12.9256047,80.1043133
5305816067,Vadamavandal Bus Sop,12.7857592,79.6294659
5314467221,,12.6484043,80.0375907
5318529343,Vadapalani,13.0468396,80.2121426
5318530216,Vadapalani (Nerkundram Pathai),13.0539550,80.2114618
5318537692,MMDA,13.0630102,80.2115596
5320093328,CPWD Quarters Bus Stop,13.0821970,80.1983699
5332423915,Buhari Hotel Bus Stop,12.9420294,80.2533063
5332440110,Thiruvanmiyur RTO,12.9767640,80.2592029
5336301540,Aringar Anna Arch,13.0769390,80.2152668
5336303647,Anna Arch,13.0753580,80.2176034
5336309421,Kandhasamy College,13.0851915,80.2178689
5336309429,S. S. Super Market Bus Stop,13.0906948,80.2180699
5336311486,Anna Peripheral Hospital Stop,13.0957115,80.2187163
5336393773,Kalpana Hotel Stop,13.1027785,80.2086858
5338328029,SIDCO Nagar,13.1032312,80.1989924
5338328041,Nathamuni Theatre Stop,13.1036674,80.2026581
5338516190,South Redhills Road Market,13.1080663,80.2061553
5338598421,Kallukadai Stop,13.1022099,80.2107409
5338600702,ICF,13.1001091,80.2145485
5338602064,Anna Peripheral Hospital Stop,13.0956228,80.2189413
5338606117,14 Shops Stop,13.0900917,80.2182669
5338606922,Kandasamy College,13.0858113,80.2181340
5338612406,Anna Nagar Roundtana,13.0848033,80.2159601
5338614518,Ayyappan Kovil,13.0848976,80.2132579
5338616524,Ayyappan Kovil,13.0847224,80.2118818
5338617221,Blue Star,13.0849958,80.2109928
5338656232,Anna Nagar Tower Station,13.0848336,80.2095342
5338658745,Anna Nagar Tower Station,13.0850967,80.2095483
5355818030,Ekkattuthangal,13.0186408,80.2059235
5356742026,ஆயிரம் விளக்கு,13.0541950,80.2537850
5373987234,Thirumangalam EB Office,13.0873581,80.1974447
5394814347,Collector Nagar,13.0878057,80.1903448
5394822729,Collector Nagar,13.0875626,80.1893914
5400380243,Jai Nagar Park,13.0692359,80.2065633
5400380933,Vijayakanth Kalyana Mandapam,13.0739760,80.2002264
5400381038,CPWD Quarters Bus Stop,13.0820746,80.1987027
5400381616,Pondicherry Buses Only,13.0318973,80.2113404
5400381618,Sivan Kovil,13.0476117,80.2123446
5400382521,Thirunagar,13.0580044,80.2116987
5400382522,MMDA,13.0651401,80.2112943
5486341834,Jayanti,12.9874595,80.2553985
5486499215,Race Course (Guindy),13.0080900,80.2133600
5624538882,DRJ Hospital Bus stop,13.1194380,80.1986536
5628388498,Taramani Guest House,12.9866789,80.2333649
5631301095,Marudeeswarar Temple,12.9852935,80.2597450
5631301097,Sathya Studio,13.0148230,80.2591757
5631301098,,13.0565227,80.2549486
5631301099,Sambandam Nagar,12.9913270,80.0950594
5631301100,Malar Hospital,13.0069536,80.2583912
5631301101,Malar Hospital,13.0079179,80.2587553
5631301102,,13.0700086,80.2420016
5631301103,Binny Mills,13.1029895,80.2527264
5631301104,Pudupattinam / Kalpakkam,12.5036572,80.1509526
5631301105,Poonamallee,13.0508174,80.0947925
5631301107,Thiruvanmiyur Moffusil bus stop,12.9872302,80.2593997
5631301108,Ashoknagar Moffussil,13.0319226,80.2111736
5631301109,,13.0505248,80.2796732
5631301110,,13.0148178,80.1744381
5631301111,,13.0145924,80.1744052
5631301112,ஆழ்வார் பேட்டை,13.0386017,80.2587935
5631301113,ஆழ்வார் பேட்டை,13.0388081,80.2588606
5631301114,Bharathi Nagar,12.9816579,80.2334990
5631301115,Yellow Pages,13.0444719,80.2685434
5631301116,Jayanti,12.9883854,80.2559973
5631301117,Jayanti,12.9885252,80.2558203
5631301118,Guru Nanak College,12.9906984,80.2202958
5631301119,VHS Hospital,13.0034222,80.2477388
5631301120,Muttukaadu,12.8238595,80.2402306
5631301421,Adyar,13.0064420,80.2543612
5631301422,IIT Gate Bus Stop,13.0058253,80.2424924
5631301423,Thiruvanmiyur ECR Moffusil Bus stop,12.9858005,80.2598000
5631301424,Five Furlong Road,12.9974701,80.2162966
5631301425,Velachery Check Post,12.9973995,80.2166627
5631301426,Velachery Check Post,12.9974859,80.2164321
5631301427,Guindy,13.0080310,80.2093980
5631301429,கிண்டி,13.0089182,80.2111924
5632367706,,12.9907728,80.2300317
5632367707,Campus cafe,12.9909124,80.2301226
5664586244,Tayyuru Bus Stop,13.3032574,79.3043465
5664586316,Chinna Tayyuru Bus Stop,13.3035027,79.3140711
5831452920,SRM Java Bus Stop,12.8228618,80.0443920
5831452921,University Building Bus Stop,12.8230886,80.0423236
5831452922,SRM Out Gate Bus Stop,12.8230145,80.0410429
5831452923,SRM In Gate Bus Stop,12.8231190,80.0410444
5831452924,SRM Java Bus Stop,12.8230727,80.0443001
5831452925,SRM Hospital Bus Stop,12.8209313,80.0410633
5831452926,SRM Hospital Bus Stop,12.8231176,80.0471994
5831452933,,12.8207592,80.0412047
5831452934,,12.8208137,80.0412151
5831452935,SRM Potheri Station Stop,12.8220075,80.0384608
5835896285,புல்லேரி,12.6619160,80.0246730
6031412486,"அரசு போக்குவரத்து கழகம் விழுப்புரம்,காஞ்சிபுரம் மண்டலம்,தாம்பரம் பேரூந்து நிலையம்",12.9257591,80.1165783
6057945756,Bus Stop,13.0290019,80.2537390
6117608083,VOC Nagar Bus Stop,13.0912499,80.2276191
6158413916,Kaarai Bus stop,12.9364987,79.3248425
6185888872,Abirami theatre bus stop,13.0858185,80.2465885
6253855210,YBM Koyambedu,13.0752687,80.1968385
6367812225,,12.9149173,79.0715789
6367812227,,12.9688212,79.1456530
6367812228,VIT,12.9681282,79.1555310
6367812229,,12.9669331,79.1716526
6367890798,,12.9118413,79.0073634
6367890805,,12.9658761,79.1664946
6367890904,,12.9803198,79.2345670
6367890908,,12.9501552,79.1414844
6367890967,,12.9123226,79.0171068
6367891887,,12.9684668,79.1823318
6367892592,,12.9451347,79.1367394
6367892628,,12.9681018,79.1926630
6367892629,,12.9683995,79.2056253
6367892630,,12.9703025,79.2189888
6367893389,,12.9158975,79.0291428
6367893414,,12.9678947,79.1952866
6367893415,,12.9691845,79.2274967
6367899493,,12.9688390,79.2129400
6367899494,,12.9798576,79.2348783
6367914551,,13.0154329,80.1912316
6372240020,Santhapet bus stop,13.2274001,79.0986908
6394588658,Vannanthurai,12.9961241,80.2627793
6518463385,திருமங்கலம்,13.0906674,80.1984558
6518468529,Bus Stop,13.0917305,80.1984396
6941756690,,12.6631326,80.0238120
7056229385,,13.0631374,80.2622149
7066488485,,12.9758958,79.2377626
7115769685,,12.8970898,79.5067513
7115769785,,12.8692652,79.6481883
7116464687,,12.9151629,79.2879389
7116464688,,12.9369211,79.2499038
7116471385,,12.9466941,79.2061296
7116471387,,12.9386137,79.1680602
7126158986,,12.9726015,79.0677620
7128335385,,12.9969805,79.2453514
7128659485,,12.9923093,79.2412465
7169395980,Military Quarters,13.0107563,80.1957259
7169419214,ST Thomas Hospital,13.0107616,80.1959419
7169841061,Muthalai Pannai,12.7438582,80.2384589
7170102888,Muttukaadu,12.8238587,80.2402648
7170102954,Panaiyur,12.8869167,80.2457574
7174026286,,12.9625564,79.0171785
7174026686,,12.9756952,79.1092586
7174026688,,12.9646670,79.0417728
7174027185,,12.9755563,79.0937515
7174027285,,12.9768440,79.0829815
7174047685,,12.9625346,79.0128920
7174466287,,12.9392676,79.1687658
7174466485,,12.9428526,79.2340835
7174466486,,12.9259964,79.2667591
7185777641,T I Miller Bus Stop,13.1037511,80.1563349
7185834751,T I Miller Bus Stop,13.1034994,80.1566326
7186887385,,12.9948307,79.1324304
7186887386,,13.0130223,79.1317287
7202272891,,13.0900780,79.2522166
7203595386,,13.0735133,79.2707593
7203595387,,13.1121991,79.2853548
7203595388,,13.1138819,79.3673448
7203595389,,13.1729640,79.5021697
7203595485,,13.0116618,79.2692230
7203595486,,13.0620603,79.2791312
7203595487,,13.0958747,79.2642998
7203595488,,13.1164199,79.2757856
7203595585,,13.0199503,79.2695916
7203595586,,13.0279456,79.2695240
7203595587,,13.1220452,79.2533216
7203596185,,13.0804058,79.2692264
7203597385,Ramakrishna Rajapet Bus Stop,13.1650137,79.4372819
7203597386,K G Khandriga Bus Stop,13.1740729,79.5149934
7203597387,,13.1733491,79.6124889
7252487207,Mofussil Bus Stop,13.0329587,80.2120330
7255708042,Nungambakkam Police Station,13.0577143,80.2427631
7255754030,Bus stop,13.0533162,80.2479376
7266257987,,12.7915802,79.8171036
7266259286,,12.7988605,79.8198416
7266259292,,12.8166791,79.7384579
7266259293,,12.8174406,79.7347958
7266260885,,12.8041674,79.7686585
7281748789,பீர்க்கன்கரணை,12.9090099,80.0982247
7412854052,IGP,12.9729954,80.2502408
7412932328,ஆழ்வார் பேட்டை,13.0356479,80.2548953
7412932329,Kotturpuram,13.0231055,80.2427833
7412932330,Kottur,13.0185768,80.2413141
7412932331,Birla planetarium / CLRI,13.0100519,80.2405691
7412932332,Ascendas IT park,12.9862169,80.2468241
7416129840,Music Academy,13.0471019,80.2609805
7577454519,Indira Nagar,12.9121191,80.1432713
7577454520,Indira Nagar,12.9121760,80.1431219
7736796042,Pudupattinam / Kalpakkam,12.5036860,80.1509037
7765336946,School for Physically Challenged,12.8128867,80.2425393
7765336956,,12.8127494,80.2423362
7792287788,,12.9197299,79.2754126
7792296885,,12.9231485,79.2755005
7794498887,Lucas TVS Bus stop,13.1008368,80.1896304
7794498890,Lucas TVS Bus stop,13.1013007,80.1896425
7796211336,Ambattur OT,13.1216328,80.1480991
7796477442,Canara Bank Bus Stop,13.1103659,80.1522998
7796477443,Canara Bank Bus Stop,13.1116502,80.1510999
7796477452,Telephone Exchange Bus Stop,13.1015063,80.1625708
7796477453,Telephone Exchange Bus Stop,13.1012433,80.1627648
7796477467,Ambattur Industrial Estate Bus Stop,13.0998328,80.1703579
7796477468,Ambattur Industrial Estate Bus Stop,13.0994583,80.1702657
7796505766,Wavin,13.0886781,80.1715578
7796505767,Wavin,13.0884416,80.1720070
7796591115,Anna Nagar West,13.0941517,80.1987163
7806981310,Gollapalle Bus Stop,13.1763997,79.1452890
7843242892,Ambattur OT,13.1228068,80.1483885
7843267872,Skywalk,13.0720107,80.2220136
7843267873,Skywalk,13.0738150,80.2208333
7843267874,Anna Arch,13.0760536,80.2181587
7869100700,Dunlop,13.1060625,80.1524361
7869100702,Golden Flats,13.0883017,80.1784121
7869100703,Mehtha Nagar,13.0678542,80.2269976
7869100704,Choolaimedu,13.0666515,80.2309740
7869148874,Choolaimedu,13.0666287,80.2305198
7869208199,Dunlop,13.1049651,80.1526301
7869208200,Mehtha Nagar,13.0678373,80.2268263
7871877992,Valluvar Kottam,13.0538300,80.2423007
7966811036,Sembakkam,12.9235567,80.1593225
7966811037,Sembakkam,12.9232130,80.1599548
8064696884,மூவரசம்பட்டு,12.9693839,80.1861325
8976358611,Brittania bus stop,13.0984444,80.1819180
9084570182,Amutham,13.0397523,80.1931123
9325976317,,12.8398094,80.0556431
9331471612,Anakaputhur Arunmathi Arch,12.9775298,80.1306267
9331499322,Pammal Retta Pillayar,12.9748777,80.1332916
9331504032,Anakaputhur High School,12.9807025,80.1292081
9331571508,Pammal,12.9751633,80.1326400
9331589294,Pammal CSI church,12.9744741,80.1352459
9331603402,Anakaputhur Ambedhkar Silai,12.9795623,80.1289666
9368655291,Kumaran Theater,12.9726563,80.1914521
9370267242,Dhandeeswaram,12.9829795,80.2219649
9370267243,Gandhi Road,12.9864532,80.2229117
9370267244,Five Furlong Road,12.9976865,80.2159576
9370267245,Olympia Tech Park,13.0148569,80.2045846
9370309976,Mogaipair Junction,13.0890597,80.1694157
9370524480,Velachery Vijaynagar,12.9762731,80.2215630
9370524481,National Institute of Fashion Technology (N.I.F.T),12.9831680,80.2524814
9392241454,Vasanthapuram Bus Stop,13.0952827,79.1312678
9392327304,Vasanthapuram Bus Stop,13.0948813,79.1314314
9399815493,Taramani 100 Feet Road,12.9814108,80.2427068
9399815494,Taramani 100 Feet Road,12.9812324,80.2427187
9400398342,Mahalakshmi Nagar,12.9227028,80.1473638
9400398345,Gowrivakkam,12.9209495,80.1679764
9400398348,Vijayanagaram,12.9184967,80.1767624
9400398352,Medavakkam,12.9173172,80.1936779
9400398353,Jeyachandran,12.9211296,80.1968403
9400398372,High School,12.9260465,80.1974301
9400398374,Pallikkaranai,12.9336313,80.2037553
9400398378,Balaji Dental College,12.9442869,80.2082021
9400398379,Kamatchi Memorial Hospital,12.9487590,80.2098257
9400398381,Balaji Nagar,12.9534266,80.2118230
9400398391,Tambaram Railway Station,12.9293289,80.1206916
9400398392,Tambaram Railway Station,12.9293586,80.1206329
9401706170,Velachery Vijaya Nagar,12.9751658,80.2208286
9402008106,Velachery Railway Station,12.9712086,80.2192719
9402008109,Kamatchi Memorial Hospital,12.9482196,80.2101768
9402008111,Balaji Dental College,12.9441308,80.2085060
9402008115,High School,12.9265939,80.1977637
9402032617,Jeyachandran stores,12.9220034,80.1973341
9402032619,Medavakkam,12.9186199,80.1879064
9402032621,Medavakkam Junction,12.9198324,80.1825361
9402032624,Gowrivakkan,12.9208501,80.1677021
9402032629,Aadhi Nagar,12.9226395,80.1329593
9412787717,கோவிலாம்பாக்கம்,12.9388017,80.1822560
9412787719,ஈச்சங்காடு,12.9486740,80.1850247
9412787722,Ayyappan Kovil,12.9654227,80.1915854
9412787724,Ponniamman Koil,12.9648849,80.1962538
9412787725,Balaiah Garden,12.9654380,80.2013584
9412787727,Ram Nagar,12.9653278,80.2069929
9412787729,Sadasiva Nagar,12.9658462,80.2031164
9412787733,Kannigapuram,13.0048727,80.2202328
9412787737,C.I.T. Nagar,13.0280068,80.2309254
9412862313,Ashok Pillar,13.0342862,80.2122277
9417619429,Kumaran Theater,12.9725096,80.1915348
9417619432,Vanuvampet,12.9817834,80.1958555
9417619435,ஈச்சங்காடு,12.9486263,80.1851803
9417619437,கீழ்க்கட்டளை,12.9559461,80.1869781
9417619439,Axis Bank,12.9660970,80.1887047
9417619443,மூவரசம்பட்டு கூட்ரோடு,12.9682417,80.1896401
9455346639,Naraharipeta Public Bus Stop,13.0935305,79.1327428
9457756183,Gudipala Bus Stop,13.1009883,79.1246953
9457766593,MCR Bus Stop,13.0767894,79.1377984
9457772294,MCR Cross Bus Stop,13.0769267,79.1370053
9457773747,Naraharipeta Chittoor To Vellore Public Bus Stop,13.0934580,79.1332773
9457774859,Naraharipeta Cross Bus Stop,13.0907846,79.1344165
9457776527,Gudipala Bus Stop,13.1011017,79.1249476
9457791684,Anupu Public Bus Stop,13.0635821,79.1380791
9457826676,Palloor Public Bus Stop,13.0500507,79.1360925
9457826677,Palloor Vlr To Ctr Bus Stop,13.0500625,79.1359412
9457827832,Panatoor Bus Stop,13.0556683,79.1372359
9457830942,Panatoor Ctr To Vlr Public Bus Stop,13.0552561,79.1372912
9481428042,பரங்கிமலை ரயில் நிலையம்,12.9946109,80.2003462
9494700237,Ambattur O.T,13.1196761,80.1500051
9500680216,Baby Nagar,12.9803890,80.2287233
9500730218,Bharathi Nagar,12.9814698,80.2334198
9500730220,Tidel Park,12.9873622,80.2517782
9500730221,Tidel Park,12.9881659,80.2524528
9500730224,SRP Tools,12.9803439,80.2514543
9500730225,Tansi Nagar,12.9786209,80.2253008
9500730226,Tansi Nagar,12.9783307,80.2253249
9500730229,SRP Tools,12.9801263,80.2513960
9504474768,Royapettah Police Station,13.0524427,80.2638924
9504474771,Express Avenue,13.0608744,80.2652892
9504474772,LIC,13.0653566,80.2677424
9504474776,Flower Bazaar,13.0876798,80.2814746
9504474777,Broadway,13.0882526,80.2838856
9514055804,,12.9886237,80.1977450
9514055810,Mahalakshmi Colony,12.9977774,80.2073255
9514055811,Mahalakshmi Apartments,12.9980198,80.2072705
9514055812,Aalandur Metro,13.0048086,80.2015478
9514055813,Cement Road,12.9957148,80.1892331
9514055814,Pillayar Koil,12.9827924,80.1917198
9514055815,Chellammal College,13.0121297,80.2202503
9514055816,Todhunter Nagar,13.0254505,80.2297489
9514067017,Nandanam,13.0294407,80.2369328
9514067018,Vani Mahal,13.0465924,80.2427912
9514067019,Vani Mahal,13.0470000,80.2439043
9516282808,Valasaravakkam,13.0410880,80.1733598
9522345424,UTI Bank,12.9658799,80.1889584
9522345425,UTI Bank,12.9648478,80.1882330
9522345426,UTI Bank,12.9654012,80.1882967
9524625506,Jai Gopal Garodia School,12.9853446,80.1857835
9524638253,SPIC / Chellammal College,13.0117864,80.2219266
9524652864,Independence Day Park,12.9823175,80.1857694
9524666195,Vetrivel Theatre,12.9798333,80.1829123
9526100531,Gandhi Road,12.9868225,80.2230672
9526179471,,12.9607138,80.1872835
9526179490,Medavakkam Junction,12.9204699,80.1839572
9526179495,வெள்ளைக்கல்,12.9311557,80.1816197
9526179496,வெள்ளைக்கல்,12.9313739,80.1814520
9526179497,வடக்குப்பட்டு,12.9348795,80.1823492
9526179498,வடக்குப்பட்டு,12.9348965,80.1821816
9526179501,MGR Nagar,12.9447569,80.1829380
9526179502,MGR Nagar,12.9447556,80.1830949
9526179503,ஈச்சங்காடு,12.9492687,80.1854271
9526179504,ஈச்சங்காடு,12.9494425,80.1852554
9526179505,கீழ்க்கட்டளை,12.9559624,80.1868359
9526179506,மூவரசம்பட்டு,12.9694414,80.1862814
9529333083,Meenambakkam Metro,12.9873223,80.1761799
9536043083,Pillayar Koil,12.9813930,80.2384985
9536047321,Pillayar Koil,12.9811706,80.2381908
9554098006,Phoenix Mall,12.9910579,80.2195223
9554102404,Erikkarai,12.9871386,80.2183655
9554116143,Rajalakshmi Nagar,12.9839239,80.2180709
9554140669,Guindy Race Course,13.0046861,80.2203904
9554140671,Nanganallur Metro Station,12.9992711,80.1934383
9554147562,GN Chetty Road,13.0485705,80.2460822
9554156480,Halda,13.0104553,80.2228615
9554162872,Erikkarai,12.9873344,80.2181539
9647715548,annangudi bus stop,12.9619524,79.0678887
9676595400,Alamaram Bus Stop,12.9574911,80.1783220
9734354380,New Woodlands,13.0446727,80.2630248
9734368257,New Woodlands,13.0448097,80.2631942
9734386075,AVM Rajeshwari Thirumana Mandapam,13.0446914,80.2653248
9734398142,Yellow Pages,13.0445686,80.2691766
9734416560,Radha Krishnan Salai Kalyani Hospital,13.0438762,80.2715829
9734417426,Yellow Pages,13.0445902,80.2691337
9734424821,Kalyani Hospital,13.0438295,80.2718498
9734428259,,13.0438575,80.2716913
9794782270,Chandragiri Highway Bus Stop,13.5793388,79.3127581
9840993330,,13.2887679,79.1213828
9840993331,,13.2896562,79.1210489
9849133813,JK Mahal,12.9760401,80.1832874
9849200501,Baby Nagar,12.9801876,80.2284298
9849235452,MMDA Colony,12.9710697,80.1830757
9849242230,,13.0098921,80.2594022
9849246448,Bharathy Nagar,12.9811430,80.2342733
9849253327,Baby Nagar,12.9817272,80.2304834
9853561301,Barathiyar Nagar,13.1854145,80.3170561
9853561302,Barathiyar Nagar,13.1856767,80.3169358
9854621466,,13.3147618,80.1460547
9858006724,Malayambakkam-Stalin Nagar,13.0290577,80.0901401
9858006769,,13.0326982,80.0888038
9858006821,,13.0378033,80.0870124
9858006847,,13.0420261,80.0857436
9858314115,Chikkarayapuram,13.0146463,80.0937053
9858326268,South Malayambakkam,13.0085169,80.0913118
9858326388,Kundrathur,12.9963722,80.0870670
9858326510,Kundrathur-Natham-Murugan Temple,12.9822599,80.0892532
9858326583,Thirumudivakkam-SIDCO,12.9693872,80.0895921
9858405332,Pazhanthandalam,12.9601816,80.0899406
9858405398,Erumaiyur,12.9526055,80.0880269
9858405464,Varadharajapuram-Kishkinda,12.9394356,80.0830781
9859553148,Varadharajapuram-Kishkinda,12.9385909,80.0835877
9859553235,Erumaiyur,12.9519772,80.0886227
9859553499,Pazhanthandalam,12.9599990,80.0907312
9859553722,Thirumudivakkam-SIDCO,12.9691435,80.0903851
9859554104,Kundrathur-Natham-Murugan Temple,12.9820840,80.0900585
9859554219,Kundrathur,12.9962011,80.0878387
9859637767,Kundrathur - Lake View Road,13.0075983,80.0917831
9859637814,Chikkarayapuram,13.0145621,80.0945056
9859637877,Malayambakkam-Stalin Nagar,13.0283787,80.0912245
9859637919,,13.0327484,80.0896210
9859638026,,13.0382461,80.0876747
9859638115,,13.0439274,80.0860040
9859922278,,13.2689459,80.2617559
9859922279,,13.2578576,80.2444663
9859932681,Varadharajapuram - Rayappa Nagar,12.9235972,80.0780255
9859932706,Varadharajapuram - Rayappa Nagar,12.9239800,80.0773439
9859933034,முடிச்சூர்,12.9136860,80.0749991
9859933039,முடிச்சூர்,12.9141132,80.0743228
9859933228,,12.8967659,80.0709147
9859933249,,12.8966938,80.0701581
9859933289,,12.8921662,80.0711056
9859933387,,12.8901925,80.0709524
9860073726,,13.2488914,80.2323900
9860380741,,13.2357685,80.2156845
9860380970,,13.2222462,80.1932741
9860380992,,13.2182216,80.1837607
9864935094,Vijayanallur,13.2023788,80.1605258
9864935220,,13.1962315,80.1557857
9864935323,,13.1924137,80.1528963
9864935447,,13.1825577,80.1477441
9864935583,,13.1810412,80.1456597
9864935717,,13.1780528,80.1362280
9864935802,Saint Michaels Polytechnic College,13.1792666,80.1296641
9865114872,,13.1811273,80.1163829
9865114985,,13.1789921,80.1013557
9865115252,,13.1756293,80.0767806
9865115352,,13.1738332,80.0725469
9865115487,,13.1677664,80.0677190
9865115629,,13.1521683,80.0562176
9865222174,,13.1438112,80.0530238
9865222187,,13.1422694,80.0536805
9865222270,,13.1384114,80.0526312
9865222354,,13.1350323,80.0532030
9865806934,,13.1276162,80.0529501
9865806966,,13.1278471,80.0521881
9865807040,,13.1252070,80.0528336
9865807060,,13.1250435,80.0520493
9865807251,Karunakaracheri,13.1109847,80.0519066
9865807344,,13.1074508,80.0527970
9865807385,Amudurmedu,13.1024558,80.0520429
9865807392,Amudurmedu,13.1032527,80.0528582
9865807493,Thirumanam Chithukkadu,13.0961125,80.0528887
9865807510,Thirumanam Chithukkadu,13.0956181,80.0522361
9865807745,,13.0874320,80.0592936
9865807811,,13.0881139,80.0576443
9865807969,,13.0762007,80.0673127
9865807970,,13.0760405,80.0683337
9865808008,,13.0686634,80.0720323
9865808125,,13.0644838,80.0755814
9865864093,Varadharajapuram,13.0543904,80.0812227
9865864106,Varadharajapuram,13.0526800,80.0827219
9872392719,The Esplanade,13.0888432,80.2893272
9886468231,Villivakkam MTC Bus Terminus,13.1054503,80.2080247
9894539902,Anna Nagar Roundtana,13.0846068,80.2159694
9894539904,Amminjikarai,13.0813176,80.2177262
9894539906,Independence Day Park,13.0566553,80.2425863
9894539907,Valluvar Kottam,13.0539490,80.2421290
9894539909,Power House,13.0409796,80.2405384
9894539910,Power House,13.0409508,80.2406524
9894539911,Hindi Prachar Sabha,13.0364341,80.2394012
9908720077,Keelkattalai Bus Stand,12.9559853,80.1862827
9908720078,Keelkattalai Bus Stand,12.9560833,80.1862934
9911349479,Thyagaraya Nagar Bus Terminus,13.0342685,80.2303661
9916421668,Ganesh Nagar,12.9613123,80.1872291
9918041829,Nandanam YMCA,13.0289526,80.2367701
9920341481,,13.0220342,80.2261973
9920341482,,13.0195376,80.2064926
9920341495,Guindy Railway Station,13.0080474,80.2131366
9920362744,Taj Connemara,13.0633636,80.2615709
9920370156,US Embassy,13.0536924,80.2530652
9920370157,Anand Theater,13.0567190,80.2566529
9920370158,Spencer Plaza,13.0606236,80.2610739
9920387333,LIC,13.0630453,80.2639710
9920387335,TTK Road Adyar Gate,13.0305766,80.2511416
9920387336,TTK Road,13.0329132,80.2529106
9920387338,Kotturpuram Bridge,13.0274071,80.2449173
9932032471,Tcs bus stop,12.9191476,80.2301533
9932746317,,13.1076464,80.1866674
9992430694,,13.1064674,80.2801183
9992430955,,13.1112707,80.2778500
10016012917,Kanthanchavadi,12.9651441,80.2474527
10016030270,Kanthanchavadi,12.9671399,80.2480544
10036499425,Nandanam Officers Enclave,13.0320877,80.2422636
10036499426,Nandanam Officers Enclave,13.0319260,80.2413030
10102264735,General Post Office,13.0930674,80.2917553
10102275912,Beach Station,13.0942257,80.2921033
10115681436,Moolakothalam,13.1045485,80.2758378
10115681437,Moolakothalam,13.1043930,80.2758788
10115882544,Mannadi,13.0956730,80.2864412
10115882552,Loyer Square,13.0936205,80.2861429
10219868365,VIT,12.9681416,79.1562523
10235135128,Church,13.1264625,80.0114855
10235135129,Church,13.1265188,80.0114902
10235135130,Veppampattu (Madha Koil),13.1258146,80.0101470
10235135131,Veppampattu (Madha Koil),13.1258860,80.0101118
10237557280,Sri Chelliamman Temple,13.1421791,79.9897260
10237557281,Sri Chelliamman Temple,13.1421554,79.9898641
10237564020,Ayathur Chathiram,13.1373068,79.9937353
10237564021,Ayathur Chathiram,13.1373065,79.9936674
10268821434,Thiruvalluvar University,13.0291970,79.2104528
10291068729,Thirumanglam,13.0906372,80.1987219
10291068730,Annanagar,13.0949675,80.1985353
10291068731,Annanagar,13.0950055,80.1988058
10291068732,Padi,13.1020524,80.1943128
10291068733,Padi,13.1020714,80.1945098
10297987466,Tcs bus stop,12.9194230,80.2298567
10308012376,Thyagaraya Nagar,13.0408309,80.2321597
10536304466,Island Grounds,13.0747460,80.2862815
10536304467,Island Grounds,13.0746770,80.2864212
10606088293,Sridevi Kuppam main road bus stop,13.0417795,80.1757089
10798124380,Payaigada,13.0856683,80.2798513
10833403758,Yerpedu Bus Stop,13.6937528,79.5939495
10833403762,Pichatoor Bypass Bus Stop,13.3941222,79.7332930
10833403763,Pichatoor Center Bus Stop,13.4000769,79.7383284
10833403764,Pichatoor Bypass Bus Stop,13.3943333,79.7332502
10833403765,Pichatoor Bypass Bus Stop,13.4005754,79.7494520
10833403766,Nagalapuram Bypass Bus Stop,13.3935046,79.7857594
10833403768,Nagalapuram Bypass Bus Stop,13.3792627,79.8027137
10833403772,Tada Bus Stop,13.5899074,80.0327535
10848041898,Naidupeta Highway Bus Stop,13.9013801,79.9097623
10848041899,Naidupeta Highway Bus Stop,13.9010910,79.9104843
10857440109,Puthalapattu X Roads Bus Stop,13.3554235,79.0853520
10857440110,Puthalapattu X Roads Bus Stop,13.3549120,79.0858225
10857440111,Puthalapattu X Roads Bus Stop,13.3545212,79.0857026
10857440112,Puthalapattu X Roads Bus Stop,13.3558159,79.0855023
10857440113,Nendragunta  Bus Stop,13.4539900,79.1596033
10857440114,Nendragunta  Bus Stop,13.4538312,79.1595917
10857440115,Nendragunta  Bpass Bus Stop,13.4529799,79.1603327
10857440116,Nendragunta  Bpass Bus Stop,13.4522871,79.1604593
10857440117,Chandragiri Bypass Bus Stop,13.5794907,79.3136300
10857440118,Chandragiri Bypass Bus Stop,13.5789301,79.3136670
10893145245,Moolakkothanam,13.1039360,80.2738432
10926091571,,12.9710704,79.1372013
10942485471,,12.9243707,79.3339515
10942485472,,12.9241264,79.3333881
10977621401,Old Bus stand,12.6970916,79.9765648
10980515213,,12.9714292,79.1368549
10980515215,,12.9662552,79.1374884
11013403743,Mambakkam Bus Stop,12.8276033,80.1649846
11013403744,Mambakkam Bus Stop,12.8277530,80.1651199
11032338300,புதுப்பேர்,12.9741633,80.0451332
11035179572,Palasamudram Bus Stop,13.2089546,79.3987060
11035179582,Lakshminarasimhapuram  Bus Stop,13.1918601,79.3339574
11035179603,Amudala  Bus Stop,13.1903258,79.3079001
11035214106,Tugundram Bus Stop,13.1908425,79.2666205
11035214119,Musagaripalle  Bus Stop,13.2169852,79.2362537
11035214130,Vepanjeri Bus Stop,13.2205774,79.2310198
11035214132,Thana Checkpost Bus Stop,13.2217855,79.1505424
11035214133,Thana Checkpost Bus Stop,13.2215517,79.1505275
11035214134,Etteri Bus Stop,13.2654183,79.2120819
11035214135,Kothapalli Mitta Bus Stop,13.2924404,79.2554836
11035214157,SR Puram Bus Stop,13.3085394,79.3518709
11035214159,Annur Bus Stop,13.3652888,79.4180511
11035214169,Karvetinagar Bus Stop,13.4218974,79.4470077
11035214186,Chinarajakuppam Bus Stop,13.4345620,79.5104616
11035214205,Narasungarayanipeta Bus Stop,13.1718233,79.2015576
11035214206,Thangal Bus Stop,13.1487401,79.2250408
11035214214,Ponnai X  Road Bus Stop,13.1211575,79.2585695
11035214215,Vediyangadu Bus Stop,13.1039860,79.3179046
11035214216,Chinanagapudi,13.1143171,79.3851012
11035214217,Chinanagapudi Bus Stop,13.1156164,79.3850272
11035214218,Sholinghur Bus Stand,13.1110643,79.4202177
11035214219,Sholighur X Roads Bus Stop,13.1177414,79.4230606
11035214221,Iruvaram Bus Stop,13.1956190,79.0709772
11035214222,Iruvaram Bus Stop,13.1960459,79.0710548
11195610936,Govardanagiri,12.9960039,80.1099645
11195612537,Maangadu Butt Road,13.0270386,80.1108965
11195612538,Maangadu,13.0317541,80.1112908
11195612539,Maangadu Depot,13.0350492,80.1120955
11195612540,Gangai Amman Koil,13.0381183,80.1132093
11195612541,Saveetha Hospital,13.0411612,80.1144639
11195612542,Kumanan Savadi,13.0438277,80.1153383
11195612543,Karayan Savadi,13.0464185,80.1118353
11195612544,Senneerkuppam Electricity Board,13.0523107,80.1127741
11195612545,Senneerkuppam,13.0557284,80.1139569
11195612546,Vetrilai Thottam,13.0619783,80.1130718
11195612547,SA Engineering College,13.0662136,80.1126212
11195612548,Panchayat,13.0748382,80.1117817
11195612549,Melpakkam,13.0816886,80.1093596
11195612550,Paruthipattu,13.0865074,80.1087025
11195612551,Iyankulam,13.0936827,80.1085094
11195612552,Govardanagiri,13.0983825,80.1084477
11195612553,Moorthy Nagar,13.1027426,80.1084530
11195612554,JB Estate,13.1113894,80.1087320
11195612555,Avadi Mosque,13.1142499,80.1082814
11195612556,Kannigapuram,13.1164494,80.1005459
11195612557,Kannigapuram,13.1167524,80.1005673
11197039984,Pammal,12.9752812,80.1326707
11197039985,Gerugambakkam High School,12.9782314,80.1304686
11197039986,Anakaputhur Amman Temple,12.9832993,80.1276737
11228615338,,12.8871781,80.1842212
11454500629,,13.0740459,80.2268379
11454501196,,13.0565716,80.1135717
11468853773,,13.0511915,80.0896542
11502813606,Mint New Bus Stop,13.1039058,80.2760763
11601577569,Bus to Pondicherry,12.6277026,80.1941402
11898326816,Puzhuthivakkam Railway Station (Temporary),12.9781744,80.2041858
11898334385,Temporary unmarked bus stop,12.9781744,80.2041858
11915150827,Senthil nagar,13.1235952,80.2014698
11915150828,Senthil nagar,13.1237598,80.2022650
11915150829,Senthil nagar,13.1238068,80.2028994
11915150830,,13.1182677,80.1983906
11930865099,Puzhal Camp,13.1582106,80.2036717
11949343659,Bus stop,12.9716840,80.2136385
11949343660,Sreenivasan Nagar,12.9732915,80.2135742
11949343661,Bus Stop,12.9757196,80.2130967
11949343662,Bus Stop,12.9759392,80.2129143
11949343663,Bus Stop,12.9767704,80.2107082
11949343664,AGS Colony,12.9779459,80.2092297
11949343665,AGS Colony,12.9779256,80.2094100
11949343666,Saraswati Nagar,12.9781452,80.2072173
11949343667,Bus Stop,12.9807379,80.2076411
11949343668,Andal Nagar,12.9809588,80.2067010
11949359787,Church,12.9918614,80.2058145
11949359788,Church,12.9919529,80.2057797
11949365491,Brindavan Nagar,12.9870499,80.2052942
11949365492,Brindavan Nagar,12.9872354,80.2054095
11949365494,Sastri Nagar,12.9892400,80.2048570
11949365495,Kakkan Bridge stop,12.9890336,80.2049254
11949388469,Andal Nagar,12.9810751,80.2066205
11949388471,Annai Store,12.9832340,80.2070752
11949388472,Annai Store,12.9832967,80.2069786
11949388473,Pillayar Koil,12.9844271,80.2048865
11953087580,Ambedkar nagar,13.1260395,80.2064145
11953087581,Ambedkar nagar,13.1257782,80.2066103
11953087582,Kolathur Metro Water,13.1299942,80.2139623
11953087583,Kolathur Metro Water,13.1307073,80.2138201
11953087584,Shastri Nagar,13.1356937,80.2162314
11953087585,Shastri Nagar,13.1359314,80.2165935
11953087586,Madhavaram Rountana,13.1449193,80.2193508
11953087587,Madhavaram Rountana,13.1440155,80.2203110
11953087588,Kathirvedu Bypas,13.1532668,80.2081352
11953087589,Kathirvedu Bypass,13.1534862,80.2083430
11953087593,Puzhal Camp,13.1579812,80.2040528
11953087600,Ambattur Camp,13.1580752,80.2033313
11953087601,Puzhal Jail,13.1643511,80.2023309
11953087602,Puzhal Jail,13.1651503,80.2023657
11953087603,Kavankarai,13.1704729,80.1992463
11953087604,Kavankarai,13.1700994,80.1998069
11953087605,Sri Nallagu Polytechnic college,13.1780309,80.1953625
11953087606,Sri Nallagu Nadar Polytechnic College,13.1784566,80.1947536
11953087611,Redhills Market,13.1894981,80.1873829
11953087612,Redhills Market,13.1897906,80.1874205
11953087613,Thirumangalam EB Office,13.0790989,80.1986859
11959583808,Dhandeeswaram,12.9828708,80.2220062
11959592215,,13.3047249,79.0568592
11959592217,,13.3144017,79.0639026
11959592232,,13.2634906,79.0554323
11959592236,,13.2628561,79.0551224
11959593357,BSNL,13.0316093,80.2093455
11959593359,Udhayam Theatre,13.0351053,80.2111984
11959593360,Udhayam Theatre,13.0351199,80.2111129
11959599075,Guru Nanak,12.9903945,80.2203974
11959617427,Jawaharlal Nehru Road,13.0462851,80.2121116
11959664546,Koyambedu,13.0744576,80.1993985
11959664547,Nerkundram,13.0714012,80.1862757
11959664548,Vengaya Mandi,13.0697316,80.1816826
11959664549,Ration Shop,13.0665327,80.1748903
11959665380,Market,13.0631224,80.1672127
11959665381,Erikkarai,13.0612345,80.1646195
11959665382,Vaanagaram,13.0603444,80.1548311
11959665383,Velappanchavadi,13.0610323,80.1386139
12076683371,Bus stop 2,13.0526232,80.0755593
12108836587,Nest Apartment,12.8786189,80.2161601
12114421266,,13.1505889,80.1914184
12147208813,Ayurveda Ashramam,13.1841966,80.1916402
12155348708,Korattur Water Canal Road,13.1269583,80.1942278
12155348709,Korattur Water Canal Road,13.1269857,80.1944102
12155348710,Madanankuppam,13.1354867,80.1903480
12155348711,Madanankuppam,13.1355847,80.1903386
12167706507,,13.0772379,80.2251117
12169680535,,13.0845003,80.2198834
12169680536,,13.0846852,80.2198338
12169834258,Kandaswamy College,13.0855408,80.2181648
12169834259,Kandaswamy College,13.0855408,80.2178483
12174769274,,13.1398497,79.9072522
12188084879,Senthil nagar,13.1228548,80.2015899
12188084880,Srinivasa nagar,13.1185173,80.2050620
12188084881,Srinivasa nagar,13.1186322,80.2050566
12188084882,Ilankali amman koil,13.1139224,80.2067223
12188084883,Ilankali amman koil,13.1139119,80.2068779
12188084884,South Redhills Road Market,13.1083791,80.2059605
12202926833,Kallikuppam,13.1326681,80.1734513
12202926834,Kallikuppam,13.1320700,80.1717346
12202926835,Kallikuppam koil,13.1319864,80.1696533
12202926836,West balaji nagar,13.1319368,80.1652464
12202926837,Pudur,13.1303565,80.1585784
12203059705,,13.1077295,80.2436354
12203183697,,13.0087993,80.2132503
12361399925,Sholinganallur bus stand,12.9010360,80.2275695
12369335274,,12.9199259,79.1319731
12404453182,Urapakkam school stop,12.8680865,80.0755956
12458643768,Nethaji Nagar Bus Stop,13.1886341,80.3149032
12458688668,ITC,13.1842959,80.3089189
12458688674,,13.1862231,80.3076209
12458710742,Periyakasi Temple Stop,13.1912925,80.3134402
12458713955,ITC bus Stop,13.1841093,80.3088046
12458713956,ITC Bus Stop,13.1839156,80.3085916
12458756398,Bus Stop,13.1914849,80.3133575
12460742095,,13.0830120,79.6258407
12460742096,,13.1145441,79.6442373
12512509201,Bus Stop,12.8972464,80.1820197
12571691998,,12.7894432,80.0310512
12571691999,,12.7910416,80.0284339
12571692000,,12.7912498,80.0284268
12571705501,,12.7929820,80.0250870
12571705506,,12.7931473,80.0251445
12571705511,,12.7953615,80.0214584
12581554803,,13.1366014,80.2308190
12581635599,,13.1350989,80.2385828
12581645338,,13.1292868,80.2413545
12594956575,,13.6129059,79.4387247
12594956576,,13.6131241,79.4380506
12955704212,,12.2992172,79.7369269
12955704396,,12.3172938,79.7644275
12986091907,Karappakkam,12.9133328,80.2293073
12986110301,Ponniyamman Koyil,12.8857366,80.2269108
12986110401,Kumaran Nagar,12.8779737,80.2269472
13191878929,Alagaripet Bus Stop,13.3208719,79.8550195
13191882500,9th Mile Bus Stop,13.3634355,79.7044480
13254368531,Nedungundram bus stop,12.8802996,80.1088408
13414854084,,13.2211258,80.1675205
13434160332,"APSRTC Bus Station , Nagalapuram",13.3875075,79.7940289
13436982236,"APSRTC Bus Station , Nagalapuram",13.3861786,79.7968684
13439108501,Baby nagar,12.9806227,80.2287432
13463654921,"Neganur Patti Bus Stop,Gingee",12.2864437,79.4432511
13463687401,Neganur Village Bus Stop,12.2933776,79.4479543
13464329221,Neganur Pudhur Bus stop,12.2872849,79.4577872
13513843601,Valluvar kottam,13.0538791,80.2421911
13513843701,Pushpa nagar,13.0589363,80.2401152
13552438184,Tavvavandlapalle Bus Stop,13.6838507,79.1505009
13552438218,Erravaripalem Bus Stop,13.7043252,79.1352638
13563426487,Arogyapuram Bus Stop,13.9190476,79.0130902
13645694601,,13.1032304,80.2076601
13682570301,Kilvisharam Bus Stop,12.9128509,79.2852041
13682596103,Kathiavadi Road Bus Stop,12.9157817,79.2798736
13682596104,Puliamaram Bus Stop,12.9232661,79.2698690
13722778478,Vandalur Road Junction,12.7887581,80.2212533
13738124426,,13.0963878,80.2591410
13740011786,,13.0067885,80.2435205
13740013410,,13.0067884,80.2434197
13740013450,,13.0067939,80.2436146
13743048350,,13.0397224,80.2445165
13743048370,Aalayamman Kovil Bus Stop,13.0396975,80.2446167
